City_ID,City,Country,Date,Lat,Lng,Max Temp,Humidity,Cloudiness,Wind Speed
0,Chuy,UY,2022-03-31 20:28:00,-33.6971,-53.4616,61.32,61,63,11.68
1,Esperance,AU,2022-03-31 20:28:00,-33.8667,121.9,64.24,79,96,18.07
2,Hobart,AU,2022-03-31 20:25:24,-42.8794,147.3294,53.46,75,100,8.05
3,Sao Filipe,CV,2022-03-31 20:28:01,14.8961,-24.4956,71.67,76,6,12.66
4,Upernavik,GL,2022-03-31 20:28:01,72.7868,-56.1549,16.54,97,100,11.03
5,Dikson,RU,2022-03-31 20:28:01,73.5069,80.5464,4.78,93,20,8.57
6,Mataura,NZ,2022-03-31 20:28:02,-46.1927,168.8643,44.33,85,100,2.26
7,Zhangye,CN,2022-03-31 20:28:02,38.9342,100.4517,41.59,34,12,3.76
8,Guerrero Negro,MX,2022-03-31 20:28:02,27.9769,-114.0611,66.04,59,72,18.48
9,Puerto Ayora,EC,2022-03-31 20:28:03,-0.7393,-90.3518,82.36,75,99,4.88
10,Busselton,AU,2022-03-31 20:28:03,-33.65,115.3333,69.67,71,1,10.92
11,San Jeronimo,PE,2022-03-31 20:28:03,-11.9472,-75.2829,57.54,71,94,6.22
12,Qaanaaq,GL,2022-03-31 20:28:04,77.484,-69.3632,25.09,71,100,4.99
13,Karasjok,NO,2022-03-31 20:28:04,69.4719,25.5112,10.31,94,100,4.72
14,Avarua,CK,2022-03-31 20:28:05,-21.2078,-159.775,82.45,74,20,9.22
15,Chihuahua,MX,2022-03-31 20:24:21,28.5,-106.0,67.03,11,1,8.77
16,Qui Nhon,VN,2022-03-31 20:28:05,13.7667,109.2333,76.68,88,99,1.66
17,Punta Arenas,CL,2022-03-31 20:28:05,-53.15,-70.9167,53.71,50,75,31.07
18,Imbituba,BR,2022-03-31 20:28:06,-28.24,-48.6703,66.6,59,15,11.9
19,Port Alfred,ZA,2022-03-31 20:27:54,-33.5906,26.891,64.18,93,100,6.73
20,Gubkinskiy,RU,2022-03-31 20:28:06,64.434,76.5026,13.24,86,87,20.58
21,Klaksvik,FO,2022-03-31 20:24:34,62.2266,-6.589,36.52,65,100,7.34
22,Port Moresby,PG,2022-03-31 20:28:07,-9.4431,147.1797,74.62,94,20,5.75
23,Payson,US,2022-03-31 20:28:07,40.0444,-111.7321,45.88,83,100,13.8
24,Bengkulu,ID,2022-03-31 20:28:07,-3.8004,102.2655,75.72,81,100,4.74
25,Norman Wells,CA,2022-03-31 20:28:08,65.282,-126.8329,-11.16,53,75,18.41
26,Butaritari,KI,2022-03-31 20:28:08,3.0707,172.7902,80.67,80,29,14.7
27,Prince Rupert,CA,2022-03-31 20:28:08,54.3161,-130.3201,46.49,71,75,10.36
28,Umm Lajj,SA,2022-03-31 20:28:09,25.0213,37.2685,77.85,51,97,9.33
29,Saint George,US,2022-03-31 20:28:09,37.1041,-113.5841,75.43,25,0,8.05
30,Yellowknife,CA,2022-03-31 20:28:09,62.456,-114.3525,19.42,78,100,14.97
31,Albany,US,2022-03-31 20:28:10,42.6001,-73.9662,56.95,86,100,7.2
32,Ossora,RU,2022-03-31 20:28:10,59.2353,163.0719,4.41,80,42,6.42
33,Matamoros,MX,2022-03-31 20:28:10,25.5333,-103.25,78.91,11,75,0.0
34,Cidreira,BR,2022-03-31 20:28:11,-30.1811,-50.2056,64.42,58,87,10.02
35,Tiksi,RU,2022-03-31 20:28:11,71.6872,128.8694,3.13,98,100,6.31
36,Panjab,AF,2022-03-31 20:28:11,34.388,67.0233,41.02,32,27,1.45
37,Barrow,US,2022-03-31 20:28:12,71.2906,-156.7887,-11.18,70,0,20.71
38,Gunjur,GM,2022-03-31 20:28:12,13.2019,-16.7339,69.55,81,71,14.34
39,Lavrentiya,RU,2022-03-31 20:28:13,65.5833,-171.0,13.28,78,47,13.8
40,Rikitea,PF,2022-03-31 20:24:28,-23.1203,-134.9692,78.04,66,75,15.03
41,Wolnzach,DE,2022-03-31 20:28:13,48.6038,11.6257,45.16,94,100,6.87
42,Havoysund,NO,2022-03-31 20:28:13,70.9963,24.6622,26.83,67,100,8.37
43,Hermanus,ZA,2022-03-31 20:23:36,-34.4187,19.2345,62.8,69,93,9.4
44,Boa Vista,BR,2022-03-31 20:25:47,2.8197,-60.6733,93.18,33,40,11.5
45,Mattru,SL,2022-03-31 20:28:14,7.6244,-11.8332,81.12,76,26,4.81
46,Mar Del Plata,AR,2022-03-31 20:26:14,-38.0023,-57.5575,60.87,73,40,9.22
47,Vestmanna,FO,2022-03-31 20:28:14,62.1564,-7.1664,34.72,75,100,9.22
48,Jamestown,US,2022-03-31 20:24:55,42.097,-79.2353,61.52,81,100,12.66
49,Zyryanka,RU,2022-03-31 20:29:15,65.75,150.85,-9.06,97,94,7.81
50,Hofn,IS,2022-03-31 20:29:15,64.2539,-15.2082,38.32,62,100,4.23
51,Taitung,TW,2022-03-31 20:29:16,22.7583,121.1444,69.46,89,97,22.12
52,Georgetown,MY,2022-03-31 20:24:52,5.4112,100.3354,78.73,98,20,0.0
53,Arraial Do Cabo,BR,2022-03-31 20:25:03,-22.9661,-42.0278,78.76,83,75,12.66
54,Cape Town,ZA,2022-03-31 20:26:12,-33.9258,18.4232,63.27,73,0,18.41
55,Tuatapere,NZ,2022-03-31 20:29:16,-46.1333,167.6833,47.05,87,100,3.89
56,Khatanga,RU,2022-03-31 20:29:17,71.9667,102.5,-6.47,100,81,4.88
57,Bredasdorp,ZA,2022-03-31 20:29:17,-34.5322,20.0403,62.42,63,74,5.68
58,Fortuna,US,2022-03-31 20:29:18,40.5982,-124.1573,55.92,64,20,21.85
59,Rosa Zarate,EC,2022-03-31 20:29:18,0.3333,-79.4667,85.15,71,69,4.43
60,Hami,CN,2022-03-31 20:29:18,42.8,93.45,44.91,23,0,8.23
61,Bluff,NZ,2022-03-31 20:29:19,-46.6,168.3333,48.63,64,100,8.9
62,Domanivka,UA,2022-03-31 20:29:19,47.6319,30.9885,48.76,83,100,14.43
63,Constitucion,CL,2022-03-31 20:29:19,-35.3333,-72.4167,65.89,48,0,16.98
64,Jibuti,DJ,2022-03-31 20:29:20,11.5,42.5,72.66,58,0,12.64
65,Borovskoy,KZ,2022-03-31 20:29:20,53.8,64.15,33.89,94,98,8.41
66,Harper,LR,2022-03-31 20:29:20,4.375,-7.7169,80.8,84,36,6.91
67,Torbay,CA,2022-03-31 20:29:21,47.6666,-52.7314,41.29,67,75,12.66
68,Lubliniec,PL,2022-03-31 20:29:21,50.669,18.6844,33.49,97,100,14.97
69,Lebu,CL,2022-03-31 20:29:21,-37.6167,-73.65,56.05,66,96,21.77
70,Thompson,CA,2022-03-31 20:29:22,55.7435,-97.8558,41.16,33,75,10.36
71,Kandrian,PG,2022-03-31 20:29:22,-6.2167,149.55,78.28,86,100,5.79
72,Carnarvon,AU,2022-03-31 20:29:22,-24.8667,113.6333,68.07,100,75,21.85
73,Camacari,BR,2022-03-31 20:29:23,-12.6975,-38.3242,83.97,70,8,6.15
74,Pampa,US,2022-03-31 20:29:23,35.5362,-100.9599,62.64,20,0,9.22
75,Hilo,US,2022-03-31 20:25:20,19.7297,-155.09,80.33,73,0,6.91
76,Kropotkin,RU,2022-03-31 20:26:27,45.4375,40.5756,53.67,61,99,7.96
77,Uttaradit,TH,2022-03-31 20:29:24,17.6667,100.5,75.92,61,32,4.05
78,Bundaberg,AU,2022-03-31 20:29:24,-24.85,152.35,71.89,79,75,9.22
79,Pemangkat,ID,2022-03-31 20:29:24,1.1667,108.9667,80.1,78,100,4.45
80,Kuytun,RU,2022-03-31 20:29:25,54.3419,101.5036,20.7,93,100,4.07
81,Saint-Philippe,RE,2022-03-31 20:29:25,-21.3585,55.7679,76.59,81,100,13.56
82,Orlik,RU,2022-03-31 20:29:25,52.5178,99.825,1.47,94,45,3.18
83,Cabo San Lucas,MX,2022-03-31 20:29:26,22.8909,-109.9124,83.61,38,20,11.5
84,Haukipudas,FI,2022-03-31 20:29:26,65.1765,25.3523,19.45,89,87,3.0
85,Tres Arroyos,AR,2022-03-31 20:29:26,-38.3739,-60.2798,62.17,34,0,5.19
86,Taoudenni,ML,2022-03-31 20:29:27,22.6783,-3.9836,83.91,9,100,7.05
87,Toba Tek Singh,PK,2022-03-31 20:29:27,30.9743,72.4827,75.47,11,0,5.21
88,Ushuaia,AR,2022-03-31 20:25:24,-54.8,-68.3,53.26,47,20,13.8
89,Saldanha,ZA,2022-03-31 20:29:28,-33.0117,17.9442,60.85,77,2,22.95
90,Kidal,ML,2022-03-31 20:26:10,18.4411,1.4078,87.31,3,58,7.36
91,Keetmanshoop,NA,2022-03-31 20:26:19,-26.5833,18.1333,74.32,46,46,6.91
92,Sisimiut,GL,2022-03-31 20:29:29,66.9395,-53.6735,20.55,93,52,4.32
93,Aksay,RU,2022-03-31 20:30:29,47.26,39.87,61.25,49,63,11.99
94,Mumford,GH,2022-03-31 20:30:29,5.2618,-0.759,81.52,83,97,12.75
95,Nelson Bay,AU,2022-03-31 20:30:30,-32.7167,152.15,61.0,91,100,25.84
96,Rawson,AR,2022-03-31 20:30:30,-43.3002,-65.1023,68.43,27,90,2.66
97,Wanning,CN,2022-03-31 20:30:30,18.8003,110.3967,74.25,94,100,6.91
98,Kapaa,US,2022-03-31 20:30:31,22.0752,-159.319,78.78,85,40,14.97
99,Saskylakh,RU,2022-03-31 20:30:31,71.9167,114.0833,4.24,97,100,6.98
100,Haines Junction,CA,2022-03-31 20:30:31,60.7522,-137.5108,37.35,48,99,5.75
101,Chokurdakh,RU,2022-03-31 20:30:32,70.6333,147.9167,-31.13,100,99,3.76
102,Smithers,CA,2022-03-31 20:30:32,54.7804,-127.1743,44.92,33,75,12.66
103,Kenora,CA,2022-03-31 20:30:32,49.8167,-94.4337,34.77,44,20,8.99
104,Hegang,CN,2022-03-31 20:30:33,47.4,130.3667,26.19,63,21,8.95
105,Tautira,PF,2022-03-31 20:30:33,-17.7333,-149.15,81.19,70,45,10.76
106,Berlevag,NO,2022-03-31 20:30:33,70.8578,29.0864,26.55,74,100,18.41
107,Isangel,VU,2022-03-31 20:30:34,-19.55,169.2667,82.0,82,71,7.45
108,Ambilobe,MG,2022-03-31 20:30:34,-13.2,49.05,73.02,95,99,2.66
109,Akdepe,TM,2022-03-31 20:30:34,42.0551,59.3788,58.19,29,100,5.75
110,Deputatskiy,RU,2022-03-31 20:30:35,69.3,139.9,-19.93,100,42,4.03
111,Paris,FR,2022-03-31 20:28:02,48.8534,2.3488,40.08,75,100,23.02
112,Primorsk,UA,2022-03-31 20:30:35,46.7348,36.3443,46.15,86,100,14.34
113,Poum,NC,2022-03-31 20:30:35,-20.2333,164.0167,80.11,81,48,7.16
114,Tezu,IN,2022-03-31 20:30:36,27.9167,96.1667,67.46,94,100,1.99
115,Tandalti,SD,2022-03-31 20:30:36,13.0167,31.8667,85.17,16,10,12.3
116,Immokalee,US,2022-03-31 20:30:37,26.4187,-81.4173,87.94,57,10,17.38
117,Hithadhoo,MV,2022-03-31 20:30:37,-0.6,73.0833,82.24,73,5,7.25
118,Waingapu,ID,2022-03-31 20:30:37,-9.6567,120.2641,77.22,83,15,4.52
119,Luanda,AO,2022-03-31 20:30:38,-8.8368,13.2343,80.6,83,75,9.22
120,Kaeo,NZ,2022-03-31 20:30:38,-35.1,173.7833,62.33,97,94,1.74
121,College,US,2022-03-31 20:30:16,64.8569,-147.8028,24.22,31,40,14.97
122,Takoradi,GH,2022-03-31 20:30:38,4.8845,-1.7554,80.83,82,100,5.66
123,Lubao,PH,2022-03-31 20:30:39,14.9167,120.55,78.87,84,40,6.02
124,Muyezerskiy,RU,2022-03-31 20:30:39,63.9333,31.65,4.68,95,27,2.62
125,Coahuayana,MX,2022-03-31 20:30:39,18.7333,-103.6833,85.01,45,58,7.96
126,Cururupu,BR,2022-03-31 20:30:40,-1.8283,-44.8683,73.62,98,99,2.13
127,Longyearbyen,SJ,2022-03-31 20:30:40,78.2186,15.6401,8.44,78,75,11.5
128,Vaini,TO,2022-03-31 20:30:41,-21.2,-175.2,80.83,76,100,7.11
129,Mount Pleasant,US,2022-03-31 20:28:06,32.7941,-79.8626,71.1,94,75,21.85
130,Maniitsoq,GL,2022-03-31 20:29:53,65.4167,-52.9,29.28,83,38,5.88
131,Broome,US,2022-03-31 20:30:41,42.2506,-75.833,64.02,82,100,11.01
132,Vao,NC,2022-03-31 20:30:41,-22.6667,167.4833,78.8,85,0,12.06
133,Madang,PG,2022-03-31 20:30:42,-5.2246,145.7966,75.52,92,100,5.73
134,Touros,BR,2022-03-31 20:30:42,-5.1989,-35.4608,81.19,76,100,12.88
135,Tianpeng,CN,2022-03-31 20:30:42,30.9866,103.9393,50.47,92,100,5.66
136,Korla,CN,2022-03-31 20:26:50,41.7597,86.1469,47.57,43,2,1.66
137,Soure,BR,2022-03-31 20:30:43,-0.7167,-48.5233,73.06,92,100,5.35
138,Mount Gambier,AU,2022-03-31 20:30:43,-37.8333,140.7667,46.31,93,10,8.05
139,Nanortalik,GL,2022-03-31 20:30:44,60.1432,-45.2371,36.79,89,100,3.09
140,Borgarnes,IS,2022-03-31 20:30:44,64.5383,-21.9206,41.05,77,100,1.72
141,Yulara,AU,2022-03-31 20:30:44,-25.2406,130.9889,60.64,41,45,8.05
142,Namibe,AO,2022-03-31 20:31:45,-15.1961,12.1522,73.13,72,16,6.93
143,Gweta,BW,2022-03-31 20:31:45,-20.1833,25.2333,77.54,39,1,5.23
144,Kaitangata,NZ,2022-03-31 20:31:45,-46.2817,169.8464,49.59,63,100,3.02
145,Leningradskiy,RU,2022-03-31 20:31:46,69.3833,178.4167,-1.82,94,98,1.28
146,Vila Velha,BR,2022-03-31 20:31:46,-20.3297,-40.2925,84.15,80,20,12.66
147,Tuktoyaktuk,CA,2022-03-31 20:31:46,69.4541,-133.0374,-18.4,69,20,10.36
148,East London,ZA,2022-03-31 20:31:47,-33.0153,27.9116,67.51,94,100,0.98
149,Faanui,PF,2022-03-31 20:31:47,-16.4833,-151.75,82.42,67,13,13.38
150,Port Hardy,CA,2022-03-31 20:31:47,50.6996,-127.4199,46.58,76,75,8.05
151,Salisbury,GB,2022-03-31 20:31:48,51.0693,-1.7957,37.42,83,75,10.36
152,Luderitz,NA,2022-03-31 20:31:48,-26.6481,15.1594,62.74,70,0,17.65
153,Kirakira,SB,2022-03-31 20:31:48,-10.4544,161.9205,81.41,82,100,0.18
154,Wuda,CN,2022-03-31 20:31:49,39.4994,106.7117,41.59,27,19,5.73
155,Todos Santos,MX,2022-03-31 20:31:49,23.45,-110.2167,67.44,77,45,9.04
156,Westport,US,2022-03-31 20:27:32,41.1415,-73.3579,63.55,89,75,27.0
157,Moose Factory,CA,2022-03-31 20:31:50,51.2585,-80.6094,26.6,86,100,13.8
158,Bac Lieu,VN,2022-03-31 20:31:50,9.285,105.7244,81.5,75,100,2.66
159,Gushikawa,JP,2022-03-31 20:31:50,26.3544,127.8686,69.03,75,40,16.11
160,Vila Franca Do Campo,PT,2022-03-31 20:31:51,37.7167,-25.4333,63.01,90,81,4.7
161,Pacific Grove,US,2022-03-31 20:28:27,36.6177,-121.9166,65.21,77,0,9.22
162,Necochea,AR,2022-03-31 20:31:51,-38.5473,-58.7368,58.12,65,58,9.04
163,Mahebourg,MU,2022-03-31 20:31:51,-20.4081,57.7,79.25,73,20,13.8
164,Claveria,PH,2022-03-31 20:31:52,18.6074,121.0832,77.47,88,22,12.12
165,Airai,TL,2022-03-31 20:31:52,-8.9266,125.4092,56.68,78,2,2.35
166,Saint-Pierre,RE,2022-03-31 20:31:53,-21.3393,55.4781,76.91,77,75,13.8
167,Karratha,AU,2022-03-31 20:31:53,-20.7377,116.8463,84.04,71,67,8.68
168,Martapura,ID,2022-03-31 20:31:53,-3.4167,114.85,77.09,100,75,0.0
169,Mecca,SA,2022-03-31 20:31:54,21.4267,39.8261,79.93,37,0,5.91
170,Antalaha,MG,2022-03-31 20:31:54,-14.9003,50.2788,73.98,91,100,6.38
171,Asau,RO,2022-03-31 20:31:54,46.4333,26.4,56.32,65,100,4.92
172,Siedlce,PL,2022-03-31 20:30:53,52.1677,22.2901,36.52,57,100,17.07
173,Bethel,US,2022-03-31 20:31:55,41.3712,-73.414,65.25,78,75,9.22
174,Ribeira Grande,PT,2022-03-31 20:31:55,38.5167,-28.7,63.0,88,20,16.11
175,Iqaluit,CA,2022-03-31 20:30:01,63.7506,-68.5145,28.13,92,100,12.66
176,Ust-Nera,RU,2022-03-31 20:31:56,64.5667,143.2,-13.52,99,88,1.41
177,Reconquista,AR,2022-03-31 20:30:12,-29.15,-59.65,63.14,46,0,7.29
178,New Norfolk,AU,2022-03-31 20:31:56,-42.7826,147.0587,53.1,72,100,1.72
179,Olafsvik,IS,2022-03-31 20:31:57,64.8945,-23.7142,39.52,83,100,6.42
180,Beringovskiy,RU,2022-03-31 20:31:57,63.05,179.3167,7.0,93,100,21.97
181,Severo-Kurilsk,RU,2022-03-31 20:31:57,50.6789,156.125,28.78,81,81,15.12
182,Gizo,SB,2022-03-31 20:31:58,-8.103,156.8419,83.95,73,94,8.48
183,Yaan,NG,2022-03-31 20:31:58,7.3833,8.5667,91.65,28,49,5.06
184,Pevek,RU,2022-03-31 20:31:58,69.7008,170.3133,-19.89,97,22,5.19
185,Loiza,PR,2022-03-31 20:31:59,18.4313,-65.8802,84.81,73,40,21.85
186,Atuona,PF,2022-03-31 20:31:59,-9.8,-139.0333,78.66,74,7,7.72
187,Komsomolskiy,UZ,2022-03-31 20:31:59,40.4272,71.7189,52.52,66,4,6.91
188,Alugan,PH,2022-03-31 20:33:00,12.2188,125.4808,79.68,83,100,9.04
189,Ziyang,CN,2022-03-31 20:33:00,29.2497,117.8547,50.47,95,100,2.75
190,Hualmay,PE,2022-03-31 20:33:00,-11.0964,-77.6139,73.58,75,23,10.69
191,San Patricio,US,2022-03-31 20:33:01,28.017,-97.5169,85.15,26,3,4.65
192,Port Macquarie,AU,2022-03-31 20:33:01,-31.4333,152.9167,61.9,84,96,16.17
193,Ilulissat,GL,2022-03-31 20:33:02,69.2167,-51.1,17.62,93,75,1.14
194,Shakawe,BW,2022-03-31 20:33:02,-18.3667,21.85,73.38,65,100,3.89
195,Denpasar,ID,2022-03-31 20:29:28,-8.65,115.2167,80.26,88,75,4.61
196,Saravan,AM,2022-03-31 20:33:03,39.7196,45.6483,33.28,67,0,7.34
197,Shimoda,JP,2022-03-31 20:33:03,34.6667,138.95,43.11,93,100,21.39
198,Farafangana,MG,2022-03-31 20:33:03,-22.8167,47.8333,73.81,82,25,7.76
199,Kruisfontein,ZA,2022-03-31 20:33:04,-34.0033,24.7314,63.88,79,100,3.67
200,Wattegama,LK,2022-03-31 20:33:04,6.7989,81.4808,73.85,96,14,1.83
201,Palas,ID,2022-03-31 20:33:04,-5.6519,105.6801,77.32,89,76,6.08
202,Cockburn Town,TC,2022-03-31 20:33:05,21.4612,-71.1419,76.95,80,20,24.76
203,Lompoc,US,2022-03-31 20:32:28,34.6391,-120.4579,67.84,69,0,17.27
204,Camacha,PT,2022-03-31 20:33:05,33.0833,-16.3333,56.62,88,75,9.22
205,Abu Dhabi,AE,2022-03-31 20:30:01,24.4667,54.3667,73.96,71,0,3.44
206,Hobyo,SO,2022-03-31 20:33:06,5.3505,48.5268,82.26,76,4,14.41
207,Samagaltay,RU,2022-03-31 20:33:06,50.6022,95.0047,13.87,80,82,2.35
208,Lata,PT,2022-03-31 20:33:06,40.1629,-8.3327,51.93,96,45,5.35
209,Nouadhibou,MR,2022-03-31 20:33:07,20.931,-17.0347,64.85,79,0,23.8
210,Nanlong,CN,2022-03-31 20:33:07,31.3533,106.0631,51.82,88,100,7.85
211,Padang,ID,2022-03-31 20:33:07,-0.9492,100.3543,75.4,76,37,4.25
212,Nikolskoye,RU,2022-03-31 20:33:08,59.7035,30.7861,25.72,96,15,2.1
213,Mnogovershinnyy,RU,2022-03-31 20:33:08,53.9353,139.9242,3.92,86,19,4.5
214,Xining,CN,2022-03-31 20:33:09,36.6167,101.7667,33.28,82,99,3.89
215,Sioux Lookout,CA,2022-03-31 20:32:19,50.1001,-91.917,26.67,63,75,10.36
216,Klyuchi,RU,2022-03-31 20:33:09,52.2667,79.1667,32.04,84,100,10.38
217,Qaqortoq,GL,2022-03-31 20:33:09,60.7167,-46.0333,36.77,80,100,4.18
218,Tilichiki,RU,2022-03-31 20:33:10,60.4667,166.1,-2.29,87,14,9.93
219,Quatre Cocos,MU,2022-03-31 20:33:10,-20.2078,57.7625,79.09,76,95,18.32
220,Baoding,CN,2022-03-31 20:33:11,38.8511,115.4903,38.43,25,1,0.74
221,Baglung,NP,2022-03-31 20:33:11,28.2719,83.5898,65.16,62,47,4.68
222,Marystown,CA,2022-03-31 20:33:11,47.1666,-55.1483,40.86,100,36,8.99
223,Kharitonovo,RU,2022-03-31 20:33:12,61.4009,47.4978,24.46,93,98,7.61
224,Yeppoon,AU,2022-03-31 20:33:12,-23.1333,150.7333,71.38,78,5,10.87
225,Ostersund,SE,2022-03-31 20:33:12,63.1792,14.6357,25.25,74,0,3.44
226,Aripuana,BR,2022-03-31 20:33:13,-9.1667,-60.6333,79.81,84,47,1.32
227,Verkhnevilyuysk,RU,2022-03-31 20:33:13,63.4453,120.3167,26.44,97,100,5.86
228,Languyan,PH,2022-03-31 20:33:13,5.2618,120.0807,79.36,81,60,4.97
229,Savannah Bight,HN,2022-03-31 20:33:14,16.45,-85.85,81.72,82,23,25.37
230,Grand Bend,CA,2022-03-31 20:30:00,43.3168,-81.7498,48.22,73,100,21.63
231,Aklavik,CA,2022-03-31 20:28:46,68.2191,-135.0107,-11.2,58,20,6.91
232,Solnechnyy,RU,2022-03-31 20:33:15,50.7214,136.6319,20.35,92,100,6.73
233,Kovur,IN,2022-03-31 20:34:15,14.4833,79.9833,78.35,88,43,13.27
234,Amahai,ID,2022-03-31 20:34:15,-3.3333,128.9167,76.98,82,95,2.62
235,Cayenne,GF,2022-03-31 20:30:06,4.9333,-52.3333,84.24,4,75,9.22
236,Vestmannaeyjar,IS,2022-03-31 20:34:16,63.4427,-20.2734,40.6,67,100,7.4
237,Inirida,CO,2022-03-31 20:34:16,3.8653,-67.9239,84.79,67,100,2.95
238,Randolph,US,2022-03-31 20:34:16,35.7001,-79.8164,73.13,84,100,17.27
239,Gamba,GA,2022-03-31 20:34:17,-2.65,10.0,77.52,91,100,3.85
240,Castro,BR,2022-03-31 20:34:17,-24.7911,-50.0119,56.35,98,100,7.05
241,Spring Hill,US,2022-03-31 20:31:41,28.4769,-82.5255,82.06,70,20,19.57
242,Atescatempa,GT,2022-03-31 20:34:18,14.1744,-89.7425,89.42,36,77,7.85
243,Geraldton,AU,2022-03-31 20:34:18,-28.7667,114.6,72.01,88,100,6.91
244,Beberibe,BR,2022-03-31 20:30:39,-4.1797,-38.1306,77.97,85,100,7.36
245,Narsaq,GL,2022-03-31 20:34:18,60.9167,-46.05,39.42,79,100,4.65
246,Alice Springs,AU,2022-03-31 20:34:19,-23.7,133.8833,53.15,62,2,0.0
247,Huron,US,2022-03-31 20:34:19,41.1501,-82.5499,46.0,76,95,18.77
248,Nome,US,2022-03-31 20:34:19,64.5011,-165.4064,27.1,63,100,19.57
249,Oyama,JP,2022-03-31 20:34:20,36.3,139.8,47.59,89,100,5.3
250,Iguguno,TZ,2022-03-31 20:34:20,-4.5697,34.6275,62.78,86,66,7.49
251,Ixtapa,MX,2022-03-31 20:33:15,20.7,-105.2,76.23,65,75,11.5
252,Oudtshoorn,ZA,2022-03-31 20:34:21,-33.5907,22.2014,57.56,80,90,5.21
253,San Quintin,MX,2022-03-31 20:34:21,30.4833,-115.95,62.6,63,0,18.88
254,Salinopolis,BR,2022-03-31 20:34:21,-0.6136,-47.3561,75.56,92,100,5.41
255,Rafaela,AR,2022-03-31 20:34:22,-31.2503,-61.4867,61.0,51,59,5.75
256,Balsas,BR,2022-03-31 20:34:22,-7.5325,-46.0356,76.28,87,100,4.21
257,Codrington,AU,2022-03-31 20:34:22,-38.2667,141.9667,59.5,60,89,13.49
258,Kozhva,RU,2022-03-31 20:34:23,65.1073,57.0459,11.59,96,85,6.06
259,Darhan,MN,2022-03-31 20:34:23,49.4867,105.9228,28.98,52,2,0.78
260,Lagoa,PT,2022-03-31 20:34:24,39.05,-27.9833,61.23,88,89,14.43
261,Keti Bandar,PK,2022-03-31 20:34:24,24.1447,67.4497,78.4,61,0,8.7
262,La Tuque,CA,2022-03-31 20:34:24,47.4334,-72.7824,37.65,93,100,5.75
263,Ust-Uda,RU,2022-03-31 20:34:25,54.1742,103.0304,19.81,100,100,3.18
264,Portage,US,2022-03-31 20:30:19,41.1667,-81.1998,57.85,57,100,16.11
265,Kununurra,AU,2022-03-31 20:30:04,-15.7667,128.7333,69.78,88,81,0.0
266,Kupang,ID,2022-03-31 20:34:25,-10.1667,123.5833,75.24,85,6,4.79
267,Alofi,NU,2022-03-31 20:34:26,-19.0595,-169.9187,82.29,83,20,9.22
268,Kalmunai,LK,2022-03-31 20:34:26,7.4167,81.8167,77.85,87,17,7.43
269,Hambantota,LK,2022-03-31 20:34:26,6.1241,81.1185,78.4,83,12,2.08
270,Salalah,OM,2022-03-31 20:34:27,17.0151,54.0924,80.69,50,0,3.44
271,Wuwei,CN,2022-03-31 20:34:27,37.9281,102.6414,42.94,38,100,2.75
272,Batsfjord,NO,2022-03-31 20:34:27,70.6345,29.7185,26.53,86,75,5.75
273,Henties Bay,NA,2022-03-31 20:34:28,-22.116,14.2845,63.16,84,0,9.1
274,Dudinka,RU,2022-03-31 20:34:28,69.4058,86.1778,20.62,96,100,4.43
275,Vangaindrano,MG,2022-03-31 20:34:28,-23.35,47.6,71.28,87,20,3.69
276,Itaituba,BR,2022-03-31 20:34:29,-4.2761,-55.9836,86.16,70,75,0.0
277,Ancud,CL,2022-03-31 20:31:47,-41.8697,-73.8203,59.23,69,100,4.25
278,Harbour Breton,CA,2022-03-31 20:35:29,47.4833,-55.7983,38.28,70,60,13.96
279,Moscow,RU,2022-03-31 20:32:12,55.7522,37.6156,32.63,97,100,1.43
280,Valenca Do Piaui,BR,2022-03-31 20:35:30,-6.4075,-41.7456,77.79,70,100,3.96
281,Florianopolis,BR,2022-03-31 20:35:30,-27.6146,-48.5012,67.23,44,40,13.8
282,Barcelos,PT,2022-03-31 20:35:30,41.5388,-8.6151,53.85,93,8,6.6
283,Bandarbeyla,SO,2022-03-31 20:35:31,9.4942,50.8122,80.38,82,52,10.33
284,Neyshabur,IR,2022-03-31 20:35:31,36.2133,58.7958,58.6,19,0,3.8
285,Mineros,BO,2022-03-31 20:35:32,-17.1167,-63.2333,63.12,35,88,11.48
286,Taltal,CL,2022-03-31 20:35:32,-25.4,-70.4833,66.61,66,22,5.17
287,Tekeli,KZ,2022-03-31 20:35:32,44.83,78.8239,32.9,50,4,13.33
288,Monticello,US,2022-03-31 20:35:33,45.3055,-93.7941,36.48,58,100,14.97
289,Naze,JP,2022-03-31 20:35:33,28.3667,129.4833,61.72,81,100,20.04
290,Cherskiy,RU,2022-03-31 20:35:33,68.75,161.3,-13.63,99,100,3.24
291,Hasaki,JP,2022-03-31 20:35:34,35.7333,140.8333,39.6,90,100,28.66
292,Baker City,US,2022-03-31 20:34:58,44.7749,-117.8344,46.6,45,75,12.66
293,Pringsewu,ID,2022-03-31 20:35:34,-5.3582,104.9744,72.91,97,58,2.01
294,Porto Novo,BJ,2022-03-31 20:35:35,6.4965,2.6036,83.16,81,100,11.77
295,Ovalle,CL,2022-03-31 20:35:35,-30.5983,-71.2003,81.7,21,0,6.76
296,Faya,SA,2022-03-31 20:35:35,18.3851,42.4509,63.12,22,0,6.62
297,Kahului,US,2022-03-31 20:35:29,20.8947,-156.47,80.96,71,40,20.71
298,Chapais,CA,2022-03-31 20:35:36,49.7834,-74.8492,35.38,100,100,13.71
299,Saint-Ambroise,CA,2022-03-31 20:35:36,48.5501,-71.3324,39.74,98,100,11.65
300,Surt,LY,2022-03-31 20:35:36,31.2089,16.5887,66.24,67,100,2.89
301,Soyo,AO,2022-03-31 20:35:37,-6.1349,12.3689,79.34,91,100,11.74
302,Pianco,BR,2022-03-31 20:35:37,-7.1981,-37.9292,85.35,42,100,1.79
303,Sungaipenuh,ID,2022-03-31 20:35:37,-2.0833,101.3833,61.29,66,61,3.22
304,Caravelas,BR,2022-03-31 20:35:38,-17.7125,-39.2481,78.3,81,0,7.02
305,Birecik,TR,2022-03-31 20:35:38,37.0294,37.9903,56.41,48,95,3.87
306,Pangnirtung,CA,2022-03-31 20:35:39,66.1451,-65.7125,21.2,86,100,4.61
307,Port Elizabeth,ZA,2022-03-31 20:33:29,-33.918,25.5701,66.49,80,100,12.66
308,Sakakah,SA,2022-03-31 20:35:39,29.9697,40.2064,71.17,11,13,7.81
309,Santa Fe,AR,2022-03-31 20:35:39,-31.6333,-60.7,65.98,36,98,1.99
310,Souillac,MU,2022-03-31 20:35:40,-20.5167,57.5167,79.18,73,20,13.8
311,Christchurch,NZ,2022-03-31 20:35:05,-43.5333,172.6333,53.94,91,100,13.8
312,Moree,AU,2022-03-31 20:35:40,-29.4667,149.85,57.22,77,0,9.22
313,Lockhart,US,2022-03-31 20:35:41,28.6194,-81.4426,88.14,56,20,16.11
314,Korycany,CZ,2022-03-31 20:35:41,49.1064,17.1643,38.68,95,100,13.35
315,Hirara,JP,2022-03-31 20:35:41,24.8,125.2833,67.51,82,100,30.98
316,Marawi,PH,2022-03-31 20:35:42,7.9986,124.2928,67.86,95,97,0.89
317,Miami Beach,US,2022-03-31 20:33:38,25.7906,-80.1301,85.01,70,75,19.57
318,Krasnoselkup,RU,2022-03-31 20:35:42,65.7,82.4667,16.7,90,100,19.64
319,Shagonar,RU,2022-03-31 20:35:42,51.5333,92.8,17.76,91,98,0.63
320,Batemans Bay,AU,2022-03-31 20:35:43,-35.7167,150.1833,59.09,81,100,17.31
321,Sibu,MY,2022-03-31 20:36:43,2.3,111.8167,73.71,94,20,2.3
322,Bonthe,SL,2022-03-31 20:36:44,7.5264,-12.505,78.98,88,81,6.17
323,Agadir,MA,2022-03-31 20:33:13,30.4202,-9.5982,63.05,72,0,5.79
324,Maningrida,AU,2022-03-31 20:36:44,-12.0667,134.2667,74.97,85,7,3.69
325,Lisakovsk,KZ,2022-03-31 20:36:44,52.5369,62.4936,34.75,91,100,8.55
326,Alizai,PK,2022-03-31 20:36:45,33.5383,70.3462,67.51,16,0,3.4
327,Redlands,US,2022-03-31 20:34:17,34.0556,-117.1825,75.31,66,100,3.44
328,Halifax,CA,2022-03-31 20:36:45,44.6453,-63.5724,42.69,81,100,13.8
329,Teguldet,RU,2022-03-31 20:36:46,57.3064,88.1667,33.13,98,100,11.7
330,Beaumont,US,2022-03-31 20:36:39,30.0861,-94.1019,75.24,25,0,6.91
331,Natal,BR,2022-03-31 20:35:15,-5.795,-35.2094,84.42,74,20,14.97
332,Valparaiso,CL,2022-03-31 20:36:46,-33.0393,-71.6273,84.43,28,0,13.8
333,Port Lincoln,AU,2022-03-31 20:36:46,-34.7333,135.8667,60.17,68,16,22.06
334,Dorado,PR,2022-03-31 20:36:47,18.4588,-66.2677,82.26,75,75,20.71
335,Galesong,ID,2022-03-31 20:36:47,-5.3166,119.3661,73.42,82,74,5.41
336,Colac,AU,2022-03-31 20:36:47,-38.3333,143.5833,55.17,65,86,9.71
337,Cap-Aux-Meules,CA,2022-03-31 20:36:48,47.3821,-61.8597,37.45,60,75,8.05
338,Porto Belo,BR,2022-03-31 20:36:48,-27.1578,-48.5531,67.24,68,100,11.05
339,Ormara,PK,2022-03-31 20:36:48,25.2088,64.6357,78.89,49,0,6.4
340,Mitsamiouli,KM,2022-03-31 20:36:49,-11.3847,43.2844,81.0,74,46,2.28
341,Ranapur,IN,2022-03-31 20:36:49,22.65,74.5333,79.16,26,0,9.31
342,Hengshui,CN,2022-03-31 20:36:50,37.7322,115.7011,39.4,44,52,0.94
343,Lorengau,PG,2022-03-31 20:36:50,-2.0226,147.2712,80.83,80,97,13.29
344,Sola,VU,2022-03-31 20:36:50,-13.8833,167.55,82.6,73,98,8.43
345,Erdenet,MN,2022-03-31 20:36:51,49.0333,104.0833,25.93,45,7,3.6
346,Uvalde,US,2022-03-31 20:36:51,29.3669,-99.767,84.4,15,0,3.44
347,Tasiilaq,GL,2022-03-31 20:36:51,65.6145,-37.6368,35.76,98,100,4.99
348,Caramay,PH,2022-03-31 20:36:52,10.1815,119.236,78.84,85,16,3.83
349,Nouakchott,MR,2022-03-31 20:34:34,18.0858,-15.9785,72.36,52,2,15.61
350,Dingle,PH,2022-03-31 20:36:52,10.9995,122.6711,75.79,91,41,6.71
351,Mabaruma,GY,2022-03-31 20:36:52,8.2,-59.7833,79.43,77,98,6.17
352,Mazatlan,MX,2022-03-31 20:32:05,23.2167,-106.4167,73.9,73,95,7.0
353,Sehithwa,BW,2022-03-31 20:36:53,-20.4667,22.7167,72.41,59,2,3.53
354,Prieska,ZA,2022-03-31 20:36:53,-29.6641,22.7474,68.18,72,88,5.01
355,Along,IN,2022-03-31 20:36:54,28.1667,94.7667,65.37,98,100,1.07
356,Ekhabi,RU,2022-03-31 20:36:54,53.5102,142.9671,4.28,90,32,9.75
357,Ciudad Bolivar,VE,2022-03-31 20:36:54,8.1222,-63.5497,91.89,40,99,16.17
358,Marathon,US,2022-03-31 20:36:55,44.9,-89.7668,34.2,65,100,13.8
359,Coihaique,CL,2022-03-31 20:36:55,-45.5752,-72.0662,60.75,55,40,5.75
360,Male,MV,2022-03-31 20:36:55,4.1748,73.5089,84.15,79,20,2.3
361,Nyurba,RU,2022-03-31 20:36:56,63.2842,118.3319,29.73,94,100,10.22
362,Boguchany,RU,2022-03-31 20:32:20,58.3814,97.4531,34.32,89,100,11.63
363,High Prairie,CA,2022-03-31 20:36:56,55.4334,-116.4858,38.79,69,96,11.92
364,San Cristobal,VE,2022-03-31 20:36:56,7.7669,-72.225,78.98,46,82,3.2
365,Camargo,MX,2022-03-31 20:36:57,27.6667,-105.1667,76.19,11,12,3.06
366,Mackay,AU,2022-03-31 20:36:57,-21.15,149.2,66.18,94,0,4.61
367,Gostyn,PL,2022-03-31 20:37:58,51.8825,17.0123,41.07,37,100,16.75
368,Mount Isa,AU,2022-03-31 20:37:58,-20.7333,139.5,71.37,30,2,11.5
369,Demyanovo,RU,2022-03-31 20:37:58,60.3511,47.0842,16.32,94,48,5.64
370,Rio Gallegos,AR,2022-03-31 20:37:59,-51.6226,-69.2181,62.65,27,0,18.41
371,Poltavka,RU,2022-03-31 20:37:59,54.3663,71.7632,33.42,79,100,13.11
372,Okhotsk,RU,2022-03-31 20:37:59,59.3833,143.3,4.26,80,46,14.38
373,Andenes,NO,2022-03-31 20:38:00,69.3143,16.1194,26.92,93,75,9.22
374,Axim,GH,2022-03-31 20:38:00,4.8699,-2.2405,80.44,85,100,5.5
375,Grand Gaube,MU,2022-03-31 20:38:01,-20.0064,57.6608,79.38,76,97,5.99
376,Parana,AR,2022-03-31 20:38:01,-31.732,-60.5238,65.52,43,98,5.46
377,Bonavista,CA,2022-03-31 20:38:01,48.6499,-53.1147,33.08,83,87,21.3
378,Xiongyue,CN,2022-03-31 20:38:02,40.1774,122.1228,35.4,59,0,4.61
379,Puerto Del Rosario,ES,2022-03-31 20:38:02,28.5004,-13.8627,65.95,63,20,16.11
380,Villa Maria,AR,2022-03-31 20:38:02,-32.4075,-63.2402,67.91,21,4,6.64
381,Nijar,ES,2022-03-31 20:38:03,36.9665,-2.206,57.65,77,20,3.44
382,La Romana,DO,2022-03-31 20:38:03,18.4273,-68.9728,88.16,42,40,10.36
383,Beloha,MG,2022-03-31 20:38:04,-25.1667,45.05,70.97,84,0,9.95
384,Qingdao,CN,2022-03-31 20:36:05,36.0986,120.3719,35.2,64,0,8.95
385,Puerto Escondido,MX,2022-03-31 20:38:04,15.85,-97.0667,85.03,70,0,9.22
386,Bulungu,CD,2022-03-31 20:38:04,-4.55,18.6,76.77,76,97,2.86
387,Itatiaia,BR,2022-03-31 20:38:05,-22.4961,-44.5633,71.76,94,65,2.1
388,Senneterre,CA,2022-03-31 20:38:05,48.3835,-77.2328,40.82,100,100,15.57
389,Helong,CN,2022-03-31 20:38:05,42.5397,128.9972,28.72,41,0,8.55
390,Margate,GB,2022-03-31 20:38:06,51.3813,1.3862,39.69,59,99,18.01
391,Perevolotskiy,RU,2022-03-31 20:38:06,51.8763,54.1938,37.81,100,100,5.53
392,Egvekinot,RU,2022-03-31 20:38:07,66.3167,-179.1667,7.25,86,98,18.95
393,Lobito,AO,2022-03-31 20:38:07,-12.3481,13.5456,77.65,84,87,3.8
394,Renqiu,CN,2022-03-31 20:38:07,38.6989,116.0936,38.77,47,0,5.1
395,Te Anau,NZ,2022-03-31 20:38:08,-45.4167,167.7167,47.86,78,100,4.16
396,Anadyr,RU,2022-03-31 20:38:08,64.75,177.4833,12.49,85,40,20.13
397,La Primavera,CO,2022-03-31 20:38:08,5.4906,-70.4092,99.5,21,61,10.0
398,Mayo,US,2022-03-31 20:38:09,38.8876,-76.5119,73.81,84,100,17.27
399,Skegness,GB,2022-03-31 20:38:09,53.1436,0.3363,40.57,59,96,22.64
400,Develi,TR,2022-03-31 20:38:09,38.3906,35.4922,42.15,62,95,5.21
401,Aksha,RU,2022-03-31 20:38:10,50.2814,113.2867,24.37,68,93,4.52
402,Oksfjord,NO,2022-03-31 20:38:10,70.2396,22.3479,24.87,87,100,4.27
403,Bathsheba,BB,2022-03-31 20:38:10,13.2167,-59.5167,81.21,65,20,18.41
404,Mantua,IT,2022-03-31 20:38:11,45.1667,10.7833,54.64,85,93,3.0
405,Kargopol,RU,2022-03-31 20:38:11,61.5071,38.9456,6.57,98,48,3.09
406,Bandar,ID,2022-03-31 20:38:11,2.05,99.75,72.97,95,100,2.3
407,Qixingtai,CN,2022-03-31 20:38:12,30.4135,111.8874,51.58,81,100,9.75
408,Lamar,US,2022-03-31 20:38:12,33.6668,-95.5836,63.64,39,0,10.36
409,Shahr-E Kord,IR,2022-03-31 20:38:13,32.3256,50.8644,44.37,49,20,9.22
410,Ventspils,LV,2022-03-31 20:38:13,57.3894,21.5606,22.93,93,0,0.0
411,Jeremie,HT,2022-03-31 20:38:13,18.65,-74.1167,80.82,69,68,4.61
412,Coquimbo,CL,2022-03-31 20:33:31,-29.9533,-71.3436,60.53,77,0,11.5
413,San Ramon De La Nueva Oran,AR,2022-03-31 20:38:14,-23.1322,-64.326,67.42,24,0,4.12
414,Niksar,TR,2022-03-31 20:39:14,40.5917,36.9517,53.64,64,97,9.57
415,Boende,CD,2022-03-31 20:39:14,-0.2167,20.8667,77.45,67,57,2.04
416,Mae Hong Son,TH,2022-03-31 20:39:15,19.3003,97.9685,71.71,44,92,0.89
417,Tuy Hoa,VN,2022-03-31 20:39:15,13.0833,109.3,75.45,90,97,1.57
418,Husavik,IS,2022-03-31 20:39:16,66.0449,-17.3389,32.58,97,100,2.37
419,Talcher,IN,2022-03-31 20:39:16,20.95,85.2167,73.99,96,4,3.27
420,Khasan,RU,2022-03-31 20:39:16,42.4308,130.6434,35.1,44,0,11.9
421,Fort-Shevchenko,KZ,2022-03-31 20:39:17,44.5086,50.263,48.34,57,5,3.4
422,Hauterive,FR,2022-03-31 20:39:17,46.0901,3.4459,43.56,98,100,7.92
423,Ponta Do Sol,PT,2022-03-31 20:39:17,32.6667,-17.1,64.71,82,56,4.9
424,Saint-Augustin,CA,2022-03-31 20:39:18,51.226,-58.6502,35.02,88,9,8.48
425,Tigil,RU,2022-03-31 20:39:18,57.8,158.6667,20.14,92,100,7.05
426,Neuquen,AR,2022-03-31 20:38:43,-38.9516,-68.0591,75.09,20,0,6.91
427,Pilar,BR,2022-03-31 20:39:19,-9.5972,-35.9567,76.93,84,100,4.29
428,Deniliquin,AU,2022-03-31 20:39:19,-35.5333,144.9667,51.04,71,0,8.43
429,Ust-Tsilma,RU,2022-03-31 20:39:19,65.441,52.1498,1.17,99,88,2.93
430,Obanazawa,JP,2022-03-31 20:39:20,38.6033,140.4019,33.17,72,83,4.74
431,Requena,ES,2022-03-31 20:39:20,39.4883,-1.1004,45.27,63,29,9.19
432,Yakeshi,CN,2022-03-31 20:39:20,49.2833,120.7333,-1.97,91,64,3.85
433,Huilong,CN,2022-03-31 20:39:21,31.8111,121.655,47.93,64,97,15.37
434,Bakchar,RU,2022-03-31 20:39:21,57.0186,82.0711,34.5,86,100,13.58
435,Holme,DK,2022-03-31 20:39:21,56.1138,10.1725,30.18,70,85,8.77
436,Ust-Karsk,RU,2022-03-31 20:39:22,52.7011,118.8077,15.53,83,28,2.71
437,Laguna,US,2022-03-31 20:38:11,38.421,-121.4238,70.14,47,0,6.91
438,Ulaanbaatar,MN,2022-03-31 20:35:30,47.9077,106.8832,8.73,66,0,2.24
439,Cairns,AU,2022-03-31 20:39:10,-16.9167,145.7667,69.06,82,12,1.14
440,Balkhash,KZ,2022-03-31 20:39:22,46.844,74.9804,37.56,69,89,11.01
441,Nakodar,IN,2022-03-31 20:39:23,31.1258,75.4733,70.65,13,0,7.47
442,Port Augusta,AU,2022-03-31 20:39:23,-32.5,137.7667,57.31,67,0,10.74
443,Ashdod,IL,2022-03-31 20:39:24,31.8167,34.65,62.22,68,40,6.87
444,Kavieng,PG,2022-03-31 20:37:44,-2.5744,150.7967,82.4,77,100,12.95
445,Plonsk,PL,2022-03-31 20:39:24,52.6235,20.3755,38.86,42,100,16.42
446,Alghero,IT,2022-03-31 20:39:24,40.5589,8.3181,55.49,76,40,9.22
447,Jumla,NP,2022-03-31 20:39:25,29.2747,82.1838,46.99,52,0,4.32
448,Araouane,ML,2022-03-31 20:39:25,18.9048,-3.5265,83.7,13,100,10.6
449,Pauini,BR,2022-03-31 20:39:25,-7.7136,-66.9764,79.05,95,80,3.4
450,Snezhnogorsk,RU,2022-03-31 20:39:26,69.1933,33.2531,19.18,92,100,7.05
451,Petropavlovsk-Kamchatskiy,RU,2022-03-31 20:39:26,53.0452,158.6483,18.19,73,0,6.71
452,Turayf,SA,2022-03-31 20:39:26,31.6725,38.6637,61.05,23,0,8.05
453,Victoria,HK,2022-03-31 20:38:46,22.2855,114.1577,69.96,85,100,18.99
454,Ulladulla,AU,2022-03-31 20:39:27,-35.35,150.4667,58.77,83,100,22.73
455,Lexington,US,2022-03-31 20:39:02,37.9887,-84.4777,47.34,71,100,12.66
456,Kilindoni,TZ,2022-03-31 20:39:27,-7.9139,39.6668,81.73,75,66,8.34
457,Fairbanks,US,2022-03-31 20:38:30,64.8378,-147.7164,24.24,30,0,14.97
458,Watsa,CD,2022-03-31 20:39:28,3.0372,29.5355,65.48,71,52,2.84
459,Kalia,BD,2022-03-31 20:39:28,23.0396,89.6328,77.32,88,6,7.18
460,La Ronge,CA,2022-03-31 20:39:28,55.1001,-105.2842,37.65,44,100,11.5
461,Ambon,ID,2022-03-31 20:40:29,-3.6954,128.1814,75.34,94,20,2.3
462,Shambu,ET,2022-03-31 20:40:29,9.5667,37.1,63.37,38,56,3.11
463,Escanaba,US,2022-03-31 20:40:29,45.7453,-87.0646,32.31,74,100,12.66
464,Boke,GN,2022-03-31 20:40:30,10.9409,-14.2967,75.42,73,71,6.04
465,Port Blair,IN,2022-03-31 20:40:30,11.6667,92.75,77.04,100,20,2.3
466,Bridgton,US,2022-03-31 20:40:31,44.0548,-70.7128,47.35,81,100,3.49
467,Talara,PE,2022-03-31 20:40:31,-4.5772,-81.2719,86.76,54,0,12.66
468,Bambous Virieux,MU,2022-03-31 20:40:31,-20.3428,57.7575,79.21,73,20,13.8
469,Mayskiy,RU,2022-03-31 20:40:32,47.6931,40.1025,54.81,59,77,9.15
470,Salym,RU,2022-03-31 20:40:32,60.0625,71.4789,11.71,98,88,4.81
471,Okha,RU,2022-03-31 20:40:32,53.5739,142.9478,3.85,90,34,9.8
472,Ostrovnoy,RU,2022-03-31 20:40:33,68.0531,39.5131,22.77,80,100,10.51
473,Marzuq,YE,2022-03-31 20:40:33,14.4,46.4667,66.78,37,0,3.33
474,Itapuranga,BR,2022-03-31 20:40:34,-15.5622,-49.9486,77.86,72,23,2.17
475,Ust-Kut,RU,2022-03-31 20:40:34,56.7938,105.7672,32.95,95,100,12.3
476,Kupino,RU,2022-03-31 20:40:34,54.3663,77.2981,32.41,81,100,14.85
477,Alvorada,BR,2022-03-31 20:36:53,-12.48,-49.1247,77.56,81,91,5.41
478,Salvador,SV,2022-03-31 20:40:35,13.8333,-88.9167,84.06,37,96,7.61
479,Capaci,IT,2022-03-31 20:40:35,38.1711,13.2393,59.25,78,20,13.8
480,Grindavik,IS,2022-03-31 20:40:35,63.8424,-22.4338,40.95,81,75,6.91
481,Matara,LK,2022-03-31 20:40:36,5.9485,80.5353,76.96,88,16,2.39
482,Olinda,BR,2022-03-31 20:37:59,-8.0089,-34.8553,82.13,74,75,8.05
483,Banjarmasin,ID,2022-03-31 20:40:36,-3.3244,114.591,77.14,92,92,2.98
484,Provideniya,RU,2022-03-31 20:40:36,64.3833,-173.3,18.55,87,86,17.72
485,Bonfim,BR,2022-03-31 20:40:37,3.0833,-59.95,93.11,30,37,10.29
486,Muros,ES,2022-03-31 20:40:37,42.7762,-9.0603,53.1,78,37,14.58
487,Clyde River,CA,2022-03-31 20:40:38,70.4692,-68.5914,5.23,78,75,2.3
488,Kurumkan,RU,2022-03-31 20:40:38,54.3,110.3,12.6,94,99,3.13
489,Aswan,EG,2022-03-31 20:40:38,24.0934,32.907,83.5,10,0,9.22
490,Havelock,US,2022-03-31 20:40:39,34.8791,-76.9013,73.4,85,100,27.63
491,Atar,MR,2022-03-31 20:40:39,20.5169,-13.0499,78.64,16,0,9.69
492,Xinzhou,CN,2022-03-31 20:40:39,38.4092,112.7333,37.4,29,3,3.11
493,Moron,AR,2022-03-31 20:40:40,-34.6534,-58.6198,67.01,35,92,2.84
494,Moerai,PF,2022-03-31 20:40:40,-22.4333,-151.3333,81.66,76,22,18.61
495,Dong Xoai,VN,2022-03-31 20:40:40,11.5333,106.9167,75.0,90,100,3.58
496,San Rafael,AR,2022-03-31 20:40:06,-34.6177,-68.3301,69.01,13,0,13.96
497,Bubaque,GW,2022-03-31 20:40:41,11.2833,-15.8333,75.29,76,83,14.97
498,Alegrete,BR,2022-03-31 20:40:41,-29.7831,-55.7919,61.16,57,0,6.69
499,Serebryansk,KZ,2022-03-31 20:40:42,49.6925,83.2892,16.18,93,52,5.79
500,Soledade,BR,2022-03-31 20:40:42,-28.8183,-52.5103,52.88,60,0,6.8
501,Pisco,PE,2022-03-31 20:38:15,-13.7,-76.2167,73.45,64,0,16.11
502,Palauig,PH,2022-03-31 20:40:42,15.435,119.9045,80.65,70,26,3.67
503,Kodiak,US,2022-03-31 20:40:43,57.79,-152.4072,40.51,93,100,21.85
504,Huarmey,PE,2022-03-31 20:40:43,-10.0681,-78.1522,74.57,74,79,11.5
505,Helmsdale,GB,2022-03-31 20:40:44,58.1168,-3.6517,37.35,77,69,12.64
506,Koygorodok,RU,2022-03-31 20:40:44,60.445,50.9968,17.28,91,21,5.91
507,Dentsville,US,2022-03-31 20:41:44,34.064,-80.9582,73.99,88,100,8.05
508,Soria,ES,2022-03-31 20:41:45,41.6667,-2.6667,40.1,94,60,5.5
509,Ibiapina,BR,2022-03-31 20:41:45,-3.9233,-40.8894,67.3,94,96,2.48
510,Nioaque,BR,2022-03-31 20:41:45,-21.1353,-55.83,58.33,98,100,8.01
511,Torrington,US,2022-03-31 20:41:46,41.8007,-73.1212,62.67,88,100,4.0
512,Altotonga,MX,2022-03-31 20:41:46,19.7667,-97.2333,74.19,36,6,9.91
513,Goderich,CA,2022-03-31 20:41:46,43.7501,-81.7165,41.32,70,99,17.27
514,Santa Isabel,BR,2022-03-31 20:41:47,-23.3156,-46.2214,69.51,96,99,9.15
515,Togur,RU,2022-03-31 20:41:47,58.3631,82.8265,32.14,99,100,8.63
516,Menongue,AO,2022-03-31 20:41:47,-14.6585,17.691,63.99,94,72,2.75
517,Sambava,MG,2022-03-31 20:41:48,-14.2667,50.1667,76.44,87,100,11.25
518,Hervey Bay,AU,2022-03-31 20:41:48,-25.2986,152.8535,71.02,82,98,8.01
519,Calama,CL,2022-03-31 20:37:18,-22.4667,-68.9333,73.89,14,0,17.27
520,Talnakh,RU,2022-03-31 20:41:48,69.4865,88.3972,20.21,92,100,2.86
521,Yerazgavors,AM,2022-03-31 20:41:49,40.7,43.75,32.77,64,7,3.44
522,Walvis Bay,NA,2022-03-31 20:41:49,-22.9575,14.5053,65.35,72,0,3.44
523,Kijang,KR,2022-03-31 20:41:50,35.2442,129.2139,46.13,59,100,15.57
524,Biltine,TD,2022-03-31 20:41:50,14.5333,20.9167,83.37,7,12,8.14
525,Zykovo,RU,2022-03-31 20:41:50,55.9519,93.1461,41.74,71,100,12.75
526,Nandi Hills,KE,2022-03-31 20:41:51,0.1066,35.1838,55.76,86,61,4.25
527,Townsville,AU,2022-03-31 20:41:51,-19.25,146.8,68.88,88,2,0.0
528,Dafeng,CN,2022-03-31 20:41:51,23.4517,108.5881,61.2,79,98,8.88
529,Caicedo,CO,2022-03-31 20:41:52,6.4051,-75.9826,63.27,87,99,2.57
530,Rosetta,EG,2022-03-31 20:41:52,31.4044,30.4164,58.71,73,6,10.94
531,Cranbrook,CA,2022-03-31 20:41:16,49.4999,-115.7688,46.24,31,20,19.57
532,Ville-Marie,CA,2022-03-31 20:41:53,47.3335,-79.433,36.79,91,100,17.65
533,Nizhniy Kuranakh,RU,2022-03-31 20:41:53,58.8353,125.4869,22.86,96,100,5.68
534,Chico,US,2022-03-31 20:41:53,39.7285,-121.8375,72.21,28,75,18.41
535,Pavino,RU,2022-03-31 20:41:54,59.1139,46.1414,23.83,98,94,4.65
536,Strezhevoy,RU,2022-03-31 20:41:54,60.7333,77.5889,15.15,95,100,4.21
537,Toucheng,TW,2022-03-31 20:41:54,24.8592,121.8233,62.98,83,100,10.83
538,Wakkanai,JP,2022-03-31 20:39:17,45.4094,141.6739,30.87,64,26,4.09
539,Katsuura,JP,2022-03-31 20:41:55,35.1333,140.3,42.49,96,100,27.47
540,Makakilo City,US,2022-03-31 20:41:55,21.3469,-158.0858,79.12,62,75,19.57
541,Sangar,RU,2022-03-31 20:41:55,63.9242,127.4739,-1.28,93,96,4.68
542,Dukat,RU,2022-03-31 20:41:56,62.55,155.55,-3.44,95,100,5.06
543,Bilma,NE,2022-03-31 20:41:56,18.6853,12.9164,78.53,4,9,7.11
544,Eureka,US,2022-03-31 20:41:57,40.8021,-124.1637,62.67,69,98,11.01
545,Kodinsk,RU,2022-03-31 20:41:57,58.6881,99.1844,33.85,89,100,13.69
546,Turinsk,RU,2022-03-31 20:41:57,58.0458,63.696,18.95,94,49,4.05
547,Tazovskiy,RU,2022-03-31 20:41:58,67.4667,78.7,13.53,92,100,16.02
548,Natchez,US,2022-03-31 20:37:42,31.5604,-91.4032,65.64,39,0,6.91
549,Camapua,BR,2022-03-31 20:41:58,-19.5314,-54.0439,70.38,97,100,7.36
550,Celestun,MX,2022-03-31 20:41:58,20.8667,-90.4,82.9,74,3,12.44
551,Teya,RU,2022-03-31 20:41:59,60.3778,92.6267,22.46,86,100,6.31
552,San Vicente,AR,2022-03-31 20:41:59,-26.6167,-54.1333,60.94,46,36,6.89
553,Edson,CA,2022-03-31 20:41:59,53.5835,-116.4356,41.11,48,75,19.57
554,Maceio,BR,2022-03-31 20:42:27,-9.6658,-35.7353,78.24,83,75,3.44
555,Namatanai,PG,2022-03-31 20:43:00,-3.6667,152.4333,80.65,79,86,7.49
556,Verkhoyansk,RU,2022-03-31 20:43:00,67.5447,133.385,-18.02,100,96,2.13
557,Verkhnetulomskiy,RU,2022-03-31 20:43:01,68.6073,31.7962,19.53,97,100,2.89
558,Oistins,BB,2022-03-31 20:43:01,13.0667,-59.5333,80.69,65,20,18.41
559,Pascagoula,US,2022-03-31 20:43:01,30.3658,-88.5561,77.41,48,29,10.94
560,Ouesso,CG,2022-03-31 20:43:02,1.6136,16.0517,76.1,71,77,2.24
561,Doha,QA,2022-03-31 20:43:02,25.2867,51.5333,73.38,40,0,5.75
562,Bowen,AU,2022-03-31 20:43:03,-20.0167,148.2333,73.76,72,0,5.39
563,Honiara,SB,2022-03-31 20:43:03,-9.4333,159.95,81.09,84,88,2.55
564,Vostok,RU,2022-03-31 20:43:03,46.4856,135.8833,14.4,96,100,3.58
565,Kanniyakumari,IN,2022-03-31 20:39:24,8.0833,77.5667,81.21,83,64,9.37
